<?xml version="1.0" encoding="UTF-8"?>
<project-private xmlns="http://www.netbeans.org/ns/project-private/1">
    <editor-bookmarks xmlns="http://www.netbeans.org/ns/editor-bookmarks/2" lastBookmarkId="0"/>
    <open-files xmlns="http://www.netbeans.org/ns/projectui-open-files/2">
        <group>
            <file>file:/media/KINGSTON/netbeans_project/farmcontrol-prototipo-web/public_html/inventario_antigo.html</file>
            <file>file:/media/KINGSTON/netbeans_project/farmcontrol-prototipo-web/public_html/registra_compra_ovinos.html</file>
            <file>file:/media/KINGSTON/netbeans_project/farmcontrol-prototipo-web/public_html/inventario.html</file>
        </group>
    </open-files>
</project-private>
